Inst,Buy/Sell,Lot,Entry,Exit,Profit/Loss,Balance: 100000
EURUSD,Sell,3,1.11584,1.1022,4092,104092
EURUSD,Buy,3,1.08993,1.08616,-1131,102961
EURUSD,Buy,3,1.0768,1.7303,196050,299011